#songs,#MHfuncs,#LSHfuncs,#bands,mMH,mLSH,pMH,TP,TN,FP,FN,LSH_Accuracy,LSH_Precision,LSH_Recall,LSH_F1,MH_Accuracy,MH_Precision,MH_Recall,MH_F1,threshold
1000,600,5,50,20117,20117,338563,2,499399,0,99,0.9998018018018018,1.0,0.019801980198019802,0.038834951456310676,0.9999299299299299,0.7821782178217822,0.8586956521739131,0.8186528497409327,0.722
